Ticker ID,Asset Name,Ticker,Total Quantity,Average Price,Type of Asset,Broker
1,AARTI INDUSTRIES LTD,AARTIIND,2300,505.2065217,Stocks & ETFs,Galaxy-5Paisa
2,Axis Liquid Fund - Direct Plan - Growth Option,,0.00E+00,2635.6316,Mutual Funds (Debt),Galaxy-5Paisa
3,COAL INDIA LIMITED,COALINDIA,1000,230.49,Stocks & ETFs,Galaxy-5Paisa
6,ICICI LOMBARD GEN INSURANCE CO,ICICIGI,700,1068.95,Stocks & ETFs,Galaxy-5Paisa
8,LAURUS LABS LIMITED,LAURUSLABS,2172,315.6272099,Stocks & ETFs,Galaxy-5Paisa
9,MAHARASHTRA SCOOTERS LTD,MAHSCOOTER,100,4150,Stocks & ETFs,Galaxy-5Paisa
10,NESCO LIMITED,NESCO,900,620.05,Stocks & ETFs,Galaxy-5Paisa
11,PIRAMAL ENTERPRISES LIMITED,PEL,3755,686.5510919,Stocks & ETFs,Galaxy-5Paisa
12,STYRENIX PERFOM. MATERIALS LTD,STYRENIX,1100,1141.907727,Stocks & ETFs,Galaxy-5Paisa
13,SUN PHARMACEUTICAL INDUSTRIES,SUNPHARMA,500,1149.72,Stocks & ETFs,Galaxy-5Paisa
14,TATA POWER CO LTD,TATAPOWER,2000,203.0125,Stocks & ETFs,Galaxy-5Paisa
15,WONDERLA HOLIDAYS LTD,WONDERLA,1500,415.5566667,Stocks & ETFs,Galaxy-5Paisa
23,ADANI ENERGY SOLUTIONS LIMITED,ADANIENSOL,177,877.66,Stocks & ETFs,Galaxy-Zerodha
445,ADITYA BIRLA CAPITAL LIMITED,ABCAPITAL,1923,262.663947,Stocks & ETFs,Galaxy-Zerodha
36,ALKYL AMINES CHEMICALS LIMITED,ALKYLAMINE,101,2344.89,Stocks & ETFs,Galaxy-Zerodha
443,AU SMALL FINANCE BANK LTD,AUBANK,332,808,Stocks & ETFs,Galaxy-Zerodha
750,AUTHUM INVEST & INFRA LTD,AIIL,256,2580.497344,Stocks & ETFs,Galaxy-Zerodha
1118,Advent Hotels International Limited,ADVENT,115,429.73,Unlisted Stock,Galaxy-Zerodha
2,Axis Liquid Fund - Direct Plan - Growth Option,,7478.495,2715.238581,Mutual Funds (Debt),Galaxy-Zerodha
405,BAJAJ FINANCE LIMITED,BAJFINANCE,664,0,Stocks & ETFs,Galaxy-Zerodha
457,BAJAJ FINSERV LIMITED,BAJAJFINSV,77,2019.8,Stocks & ETFs,Galaxy-Zerodha
57,BAJAJ HOLDINGS & INVESTMENT LI,BAJAJHLDNG,11,12408.82353,Stocks & ETFs,Galaxy-Zerodha
64,BHARAT DYNAMICS LIMITED,BDL,222,1677.71455,Stocks & ETFs,Galaxy-Zerodha
406,BHARAT ELECTRONICS LTD,BEL,1050,402.8102286,Stocks & ETFs,Galaxy-Zerodha
408,BHARAT PETROLEUM CORPN LTD,BPCL,24,0,Stocks & ETFs,Galaxy-Zerodha
65,BHARTI HEXACOM LIMITED,BHARTIHEXA,90,1264.32,Stocks & ETFs,Galaxy-Zerodha
581,BOSCH LIMITED,BOSCHLTD,6,40570,Stocks & ETFs,Galaxy-Zerodha
56,BSE LIMITED,BSE,186,0,Stocks & ETFs,Galaxy-Zerodha
87,CEAT LIMITED,CEATLTD,41,3744.84,Stocks & ETFs,Galaxy-Zerodha
96,CHOLAMANDALAM FIN HOLDINGS LTD,CHOLAHLDNG,126,2134.39,Stocks & ETFs,Galaxy-Zerodha
461,CHOLAMANDALAM INVESTMENT AND F,CHOLAFIN,94,1655,Stocks & ETFs,Galaxy-Zerodha
98,COCHIN SHIPYARD LIMITED,COCHINSHIP,209,2023.12555,Stocks & ETFs,Galaxy-Zerodha
410,COFORGE LIMITED,COFORGE,135,1715.12,Stocks & ETFs,Galaxy-Zerodha
465,COROMANDEL INTERNATIONAL LIMIT,COROMANDEL,154,2321.517566,Stocks & ETFs,Galaxy-Zerodha
101,CRAFTSMAN AUTOMATION LIMITED,CRAFTSMAN,36,6564.86,Stocks & ETFs,Galaxy-Zerodha
107,DEEPAK FERTILIZERS &PETROCHEMI,DEEPAKFERT,319,1580.946207,Stocks & ETFs,Galaxy-Zerodha
110,EID PARRY (INDIA) LTD,EIDPARRY,193,1226.36,Stocks & ETFs,Galaxy-Zerodha
113,ERIS LIFESCIENCES LIMITED,ERIS,129,1834.47,Stocks & ETFs,Galaxy-Zerodha
131,FORTIS HEALTHCARE LIMITED,FORTIS,275,861.99,Stocks & ETFs,Galaxy-Zerodha
135,GARDEN REACH SHIPBUILD ENG LTD,GRSE,181,2734.726575,Stocks & ETFs,Galaxy-Zerodha
140,GLAXOSMITHKLINE PHARMACEUTICAL,GLAXO,160,3156.138313,Stocks & ETFs,Galaxy-Zerodha
416,GLENMARK PHARMACEUTICALS LTD,GLENMARK,115,2066.45,Stocks & ETFs,Galaxy-Zerodha
144,GODFREY PHILLIPS INDIA LIMITED,GODFRYPHLP,74,8656.636622,Stocks & ETFs,Galaxy-Zerodha
591,HDFC ASSET MANAGEMENT CO LTD,HDFCAMC,42,5640,Stocks & ETFs,Galaxy-Zerodha
158,HEG LIMITED,HEG,429,552.39,Stocks & ETFs,Galaxy-Zerodha
164,HITACHI ENERGY INDIA LIMITED,POWERINDIA,33,19537.21515,Stocks & ETFs,Galaxy-Zerodha
165,HOME FIRST FINANCE COMPANY IND,HOMEFIRST,199,1348.51,Stocks & ETFs,Galaxy-Zerodha
166,HONASA CONSUMER LTD,HONASA,483,320.98,Stocks & ETFs,Galaxy-Zerodha
721,ICICI Prudential Money Market Fund Option - Direct Plan -  Growth,,2762.835,362.11,Mutual Funds (Debt),Galaxy-Zerodha
509,INDRAPRASHTHA GAS LTD,IGL,755,205.28,Stocks & ETFs,Galaxy-Zerodha
186,INTELLECT DESIGN ARENA LIMITED,INTELLECT,142,1090,Stocks & ETFs,Galaxy-Zerodha
600,INTERGLOBE AVIATION LIMITED,INDIGO,29,5314.5,Stocks & ETFs,Galaxy-Zerodha
513,JK CEMENT LIMITED,JKCEMENT,80,5621.302969,Stocks & ETFs,Galaxy-Zerodha
191,JM FINANCIAL LIMITED,JMFINANCIL,1542,153.73,Stocks & ETFs,Galaxy-Zerodha
753,JSW HOLDINGS LIMITED,JSWHL-BE,7,23440,Stocks & ETFs,Galaxy-Zerodha
225,L&T FINANCE LIMITED,LTF,2497,202.2917581,Stocks & ETFs,Galaxy-Zerodha
8,LAURUS LABS LIMITED,LAURUSLABS,277,615.5031343,Stocks & ETFs,Galaxy-Zerodha
232,LLOYDS METALS AND ENERGY LIMIT,LLOYDSME,114,1358.27,Stocks & ETFs,Galaxy-Zerodha
607,MANAPPURAM FINANCE LIMITED,MANAPPURAM,1636,232.1588203,Stocks & ETFs,Galaxy-Zerodha
527,MAX FINANCIAL SERVICES LIMITED,MFSL,164,1634.36,Stocks & ETFs,Galaxy-Zerodha
245,MAZAGON DOCK SHIPBUILDERS LTD,MAZDOCK,129,3103.167752,Stocks & ETFs,Galaxy-Zerodha
250,MOTILAL OSWAL FINANCIAL SERVIC,MOTILALOFS,255,928.76,Stocks & ETFs,Galaxy-Zerodha
424,MULTI COMMODITY EXCHANGE,MCX,30,8850,Stocks & ETFs,Galaxy-Zerodha
258,NARAYANA HRUDAYALAYA LIMITED,NH,343,1736.741487,Stocks & ETFs,Galaxy-Zerodha
1115,NAVA LIMITED,NAVA,374,634.07,Stocks & ETFs,Galaxy-Zerodha
260,NAVIN FLUORINE INTERNATIONAL L,NAVINFLUOR,55,4403.516,Stocks & ETFs,Galaxy-Zerodha
251,NBCC (INDIA) LIMITED,NBCC,2171,123.53,Stocks & ETFs,Galaxy-Zerodha
267,NIPPON LIFE IND ASSET MANAGEME,NAM-INDIA,294,805.8,Stocks & ETFs,Galaxy-Zerodha
273,ONE 97 COMMUNICATIONS PAYTM,PAYTM,218,1086.45,Stocks & ETFs,Galaxy-Zerodha
285,POONAWALLA FINCORP LIMITED,POONAWALLA,1167,432.9441645,Stocks & ETFs,Galaxy-Zerodha
429,POWER FINANCE CORPORATION LTD,PFC,259,406.82,Stocks & ETFs,Galaxy-Zerodha
431,RBL BANK LIMITED,RBLBANK,2755,219.2888047,Stocks & ETFs,Galaxy-Zerodha
305,REDINGTON LIMITED,REDINGTON,1486,247.9731157,Stocks & ETFs,Galaxy-Zerodha
435,SANGHVI MOVERS LIMITED,SANGHVIMOV,400,517,Stocks & ETFs,Galaxy-Zerodha
434,SBI CARDS AND PAYMENT SERV LTD,SBICARD,445,936.8367683,Stocks & ETFs,Galaxy-Zerodha
543,SBI LIFE INSURANCE COMPANY LTD,SBILIFE,144,1857.08,Stocks & ETFs,Galaxy-Zerodha
329,SOLAR INDUSTRIES INDIA LIMITED,SOLARINDS,42,15567.07024,Stocks & ETFs,Galaxy-Zerodha
544,SRF LIMITED,SRF,139,2967.908201,Stocks & ETFs,Galaxy-Zerodha
338,SUNDARAM FINANCE LTD,SUNDARMFIN,30,5192.43,Stocks & ETFs,Galaxy-Zerodha
347,SYRMA SGS TECHNOLOGY LIMITE,SYRMA,308,768.82,Stocks & ETFs,Galaxy-Zerodha
746,Valor Estate,DBREALTY,1156,188.94,Stocks & ETFs,Galaxy-Zerodha
441,DSP NIFTY 1D RATE LIQUID ETF,LIQUIDETF,2.17,1000,ETFs (Debt),HUF-SAS
442,NIPPON INDIA ETF NIF1D LQD BEE,LIQUIDBEES,1.805,1000,ETFs (Debt),HUF-SAS
456,AXIS OVERNIGHT FUND - DIRECT PLAN - GROWTH,,1.14E-13,1162.6465,Mutual Funds (Debt),HUF-Zerodha
487,HDFC BANK LIMITED,HDFCBANK,2,1093.42,Stocks & ETFs,HUF-Zerodha
7,ICICI Prud BSE Liq Rate ETF,LIQUIDIETF,4300,1000,ETFs (Debt),HUF-Zerodha
495,ICICI Prudential Gilt Fund - Growth,,10704.812,103.6910742,Mutual Funds (Debt),HUF-Zerodha
496,ICICI Prudential Liquid Fund - Growth,,19186.411,370.0351751,Mutual Funds (Debt),HUF-Zerodha
498,ICICI Prudential Overnight Fund Growth,,12539.2662,1119.59807,Mutual Funds (Debt),HUF-Zerodha
504,ITC LIMITED,ITC,10515,198.2890452,Stocks & ETFs,HUF-Zerodha
212,KRBL LIMITED,KRBL,143,415.05,Stocks & ETFs,HUF-Zerodha
522,LARSEN AND TOUBRO LIMITED,LT,1000,1040.67878,Stocks & ETFs,HUF-Zerodha
8,LAURUS LABS LIMITED,LAURUSLABS,92,646.3070652,Stocks & ETFs,HUF-Zerodha
10,NESCO LIMITED,NESCO,1800,569.1,Stocks & ETFs,HUF-Zerodha
442,NIPPON INDIA ETF NIF1D LQD BEE,LIQUIDBEES,7.539,1000,ETFs (Debt),HUF-Zerodha
554,TATA CONSULTANCY SERVICES LTD,TCS,2,3668.87,Stocks & ETFs,HUF-Zerodha
14,TATA POWER CO LTD,TATAPOWER,15000,49.61,Stocks & ETFs,HUF-Zerodha
1,AARTI INDUSTRIES LTD,AARTIIND,500,482.65,Stocks & ETFs,Neptune-5Paisa
3,COAL INDIA LIMITED,COALINDIA,4725,381.6,Stocks & ETFs,Neptune-5Paisa
558,KAMA HOLDINGS LIMITED,KAMAHOLD,250,2431.064,Stocks & ETFs,Neptune-5Paisa
8,LAURUS LABS LIMITED,LAURUSLABS,1000,300.1,Stocks & ETFs,Neptune-5Paisa
9,MAHARASHTRA SCOOTERS LTD,MAHSCOOTER,395,4156.975291,Stocks & ETFs,Neptune-5Paisa
10,NESCO LIMITED,NESCO,2470,518.8308097,Stocks & ETFs,Neptune-5Paisa
429,POWER FINANCE CORPORATION LTD,PFC,11625,260.4,Stocks & ETFs,Neptune-5Paisa
12,STYRENIX PERFOM. MATERIALS LTD,STYRENIX,300,1143.083333,Stocks & ETFs,Neptune-5Paisa
13,SUN PHARMACEUTICAL INDUSTRIES,SUNPHARMA,1832,1132.949345,Stocks & ETFs,Neptune-5Paisa
15,WONDERLA HOLIDAYS LTD,WONDERLA,200,570.55,Stocks & ETFs,Neptune-5Paisa
571,AADHAR HOUSING FINANCE LIMITED,AADHARHFC,110,453.26,Stocks & ETFs,Neptune-Zerodha
21,ABBOTT INDIA LIMITED,ABBOTINDIA,2,30419.53,Stocks & ETFs,Neptune-Zerodha
23,ADANI ENERGY SOLUTIONS LIMITED,ADANIENSOL,48,1063,Stocks & ETFs,Neptune-Zerodha
25,ADANI POWER LIMITED,ADANIPOWER,91,551.43,Stocks & ETFs,Neptune-Zerodha
28,ADITYA BIRLA REAL ESTATE LTD,ABREL,49,2207.559184,Stocks & ETFs,Neptune-Zerodha
30,AEGIS LOGISTICS LTD,AEGISLOG,74,835.49,Stocks & ETFs,Neptune-Zerodha
31,AETHER INDUSTRIES LIMITED,AETHER,57,883,Stocks & ETFs,Neptune-Zerodha
32,AFFLE INDIA LIMITED,AFFLE,29,1703.84,Stocks & ETFs,Neptune-Zerodha
34,ALEMBIC PHARMACEUTICALS LIMITE,APLLTD,96,981.3003125,Stocks & ETFs,Neptune-Zerodha
35,ALIVUS LIFE SCIENCES LIMITED,ALIVUS,63,795.4,Stocks & ETFs,Neptune-Zerodha
39,AMBER ENTERPRISES INDIA LTD,AMBER,16,2815.95,Stocks & ETFs,Neptune-Zerodha
41,ANANT RAJ LIMITED,ANANTRAJ,71,707.27,Stocks & ETFs,Neptune-Zerodha
42,ANGEL ONE LIMITED,ANGELONE,16,3191.66,Stocks & ETFs,Neptune-Zerodha
44,APAR INDUSTRIES LIMITED,APARINDS,6,8614,Stocks & ETFs,Neptune-Zerodha
45,APTUS VALUE HOUSING FIN IND,APTUS,157,321.358535,Stocks & ETFs,Neptune-Zerodha
47,ASAHI INDIA GLASS LIMITED,ASAHIINDIA,70,711.48,Stocks & ETFs,Neptune-Zerodha
48,ASHOK LEYLAND LTD,ASHOKLEY,418,118.88,Stocks & ETFs,Neptune-Zerodha
49,ASTER DM HEALTHCARE LTD,ASTERDM,115,436.2,Stocks & ETFs,Neptune-Zerodha
750,AUTHUM INVEST & INFRA LTD,AIIL,23,2194.92,Stocks & ETFs,Neptune-Zerodha
27,AWL AGRI BUSINESS LIMITED,AWL,129,362.34,Stocks & ETFs,Neptune-Zerodha
1118,Advent Hotels International Limited,ADVENT,26,356.78,Unlisted Stock,Neptune-Zerodha
2,Axis Liquid Fund - Direct Plan - Growth Option,,1154.616,2628.58,Mutual Funds (Debt),Neptune-Zerodha
57,BAJAJ HOLDINGS & INVESTMENT LI,BAJAJHLDNG,7,7146.6,Stocks & ETFs,Neptune-Zerodha
59,BALRAMPUR CHINI MILLS LTD,BALRAMCHIN,90,553.63,Stocks & ETFs,Neptune-Zerodha
60,BANK OF BARODA,BANKBARODA,201,252.23,Stocks & ETFs,Neptune-Zerodha
54,BEML LIMITED,BEML,11,4395.6,Stocks & ETFs,Neptune-Zerodha
458,BERGER PAINTS INDIA LTD,BERGEPAINT,91,547.14,Stocks & ETFs,Neptune-Zerodha
64,BHARAT DYNAMICS LIMITED,BDL,38,1313.5,Stocks & ETFs,Neptune-Zerodha
66,BIKAJI FOODS INT LIMITED,BIKAJI,68,732.18,Stocks & ETFs,Neptune-Zerodha
67,BIRLA CORPORATION LTD,BIRLACORPN,36,1384.99,Stocks & ETFs,Neptune-Zerodha
55,BLS INTERNATIONAL SERVICES LTD,BLS,12,406.6,Stocks & ETFs,Neptune-Zerodha
56,BSE LIMITED,BSE,57,890.33,Stocks & ETFs,Neptune-Zerodha
81,CAMPUS ACTIVEWEAR LIMITED,CAMPUS,6,296.92,Stocks & ETFs,Neptune-Zerodha
582,CAN FIN HOMES LTD,CANFINHOME,65,773.53,Stocks & ETFs,Neptune-Zerodha
82,CANARA BANK,CANBK,420,119.15,Stocks & ETFs,Neptune-Zerodha
84,CAPRI GLOBAL CAPITAL LIMITED,CGCL,132,234.21,Stocks & ETFs,Neptune-Zerodha
75,CCL PRODUCTS INDIA LIMITED,CCL,69,722.6,Stocks & ETFs,Neptune-Zerodha
88,CELLO WORLD LTD,CELLO,56,895.14,Stocks & ETFs,Neptune-Zerodha
90,CENTRAL DEPOSITORY SER IND LTD,CDSL,73,682.0520548,Stocks & ETFs,Neptune-Zerodha
76,CESC LIMITED,CESC,562,88.35,Stocks & ETFs,Neptune-Zerodha
77,CG POWER AND IND SOLUTIONS LTD,CGPOWER,127,393.5,Stocks & ETFs,Neptune-Zerodha
93,CHALET HOTELS LIMITED,CHALET,55,903.64,Stocks & ETFs,Neptune-Zerodha
95,CHENNAI PETROLEUM CORPORATION,CHENNPETRO,73,687.69,Stocks & ETFs,Neptune-Zerodha
96,CHOLAMANDALAM FIN HOLDINGS LTD,CHOLAHLDNG,30,1689.03,Stocks & ETFs,Neptune-Zerodha
583,CITY UNION BANK LTD,CUB,277,180.28,Stocks & ETFs,Neptune-Zerodha
98,COCHIN SHIPYARD LIMITED,COCHINSHIP,29,1754.3,Stocks & ETFs,Neptune-Zerodha
99,COMPUTER AGE MANAGEMENT SERV,CAMS,20,2509.88,Stocks & ETFs,Neptune-Zerodha
465,COROMANDEL INTERNATIONAL LIMIT,COROMANDEL,27,1884.12,Stocks & ETFs,Neptune-Zerodha
101,CRAFTSMAN AUTOMATION LIMITED,CRAFTSMAN,9,5335.36,Stocks & ETFs,Neptune-Zerodha
102,CREDITACCESS GRAMEEN LIMITED,CREDITACC,43,1153.77,Stocks & ETFs,Neptune-Zerodha
80,CSB BANK LIMITED,CSBBANK,132,376.98,Stocks & ETFs,Neptune-Zerodha
106,DATA PATTERNS INDIA LIMITED,DATAPATTNS,22,2228.8,Stocks & ETFs,Neptune-Zerodha
104,DCM SHRIRAM LIMITED,DCMSHRIRAM,45,1118.65,Stocks & ETFs,Neptune-Zerodha
107,DEEPAK FERTILIZERS &PETROCHEMI,DEEPAKFERT,45,1112.51,Stocks & ETFs,Neptune-Zerodha
109,DEVYANI INTERNATIONAL LIMITED,DEVYANI,280,178.28,Stocks & ETFs,Neptune-Zerodha
110,EID PARRY (INDIA) LTD,EIDPARRY,59,847.02,Stocks & ETFs,Neptune-Zerodha
111,EIH LIMITED,EIHOTEL,117,380.74,Stocks & ETFs,Neptune-Zerodha
116,ELGI EQUIPMENTS LTD,ELGIEQUIP,92,546.83,Stocks & ETFs,Neptune-Zerodha
118,EMBASSY DEVELOPMENTS LIMITED,EMBDL,632,78.75,Stocks & ETFs,Neptune-Zerodha
120,ENGINEERS INDIA LTD,ENGINERSIN,260,192.85,Stocks & ETFs,Neptune-Zerodha
121,EPIGRAL LIMITED,EPIGRAL,47,1062.19,Stocks & ETFs,Neptune-Zerodha
112,EPL LIMITED,EPL,260,192.5,Stocks & ETFs,Neptune-Zerodha
113,ERIS LIFESCIENCES LIMITED,ERIS,37,1368.55,Stocks & ETFs,Neptune-Zerodha
414,ESCORTS KUBOTA LIMITED,ESCORTS,15,3383.38,Stocks & ETFs,Neptune-Zerodha
399,ETERNAL LIMITED,ETERNAL,441,112.8,Stocks & ETFs,Neptune-Zerodha
123,FDC LIMITED,FDC,135,370.97,Stocks & ETFs,Neptune-Zerodha
125,FERTILIZERS AND CHEMICALS TRAV,FACT,56,975.7089286,Stocks & ETFs,Neptune-Zerodha
127,FINOLEX CABLES LTD,FINCABLES,3,1028.5,Stocks & ETFs,Neptune-Zerodha
131,FORTIS HEALTHCARE LIMITED,FORTIS,151,331.77,Stocks & ETFs,Neptune-Zerodha
132,G R INFRAPROJECTS LIMITED,GRINFRA,39,1280.88,Stocks & ETFs,Neptune-Zerodha
135,GARDEN REACH SHIPBUILD ENG LTD,GRSE,29,1736.53,Stocks & ETFs,Neptune-Zerodha
136,GARWARE TECHNICAL FIBRES LTD,GARFIBRES,80,635.666,Stocks & ETFs,Neptune-Zerodha
139,GLAND PHARMA LIMITED,GLAND,29,1698.67,Stocks & ETFs,Neptune-Zerodha
140,GLAXOSMITHKLINE PHARMACEUTICAL,GLAXO,20,2496.32,Stocks & ETFs,Neptune-Zerodha
133,GMM PFAUDLER LTD,GMMPFAUDLR,35,1419.63,Stocks & ETFs,Neptune-Zerodha
589,GO DIGIT GENERAL INSURANCE LTD,GODIGIT,149,336.7,Stocks & ETFs,Neptune-Zerodha
144,GODFREY PHILLIPS INDIA LIMITED,GODFRYPHLP,8,6177.12,Stocks & ETFs,Neptune-Zerodha
145,GODREJ AGROVET LIMITED,GODREJAGRO,66,758.15,Stocks & ETFs,Neptune-Zerodha
4,GODREJ INDUSTRIES LIMITED,GODREJIND,45,1107.43,Stocks & ETFs,Neptune-Zerodha
146,GRAPHITE INDIA LIMITED,GRAPHITE,94,534.21,Stocks & ETFs,Neptune-Zerodha
147,GREAT EASTERN SHIPPING CO LTD,GESHIP,48,1029.65,Stocks & ETFs,Neptune-Zerodha
148,GREENPANEL INDUSTRIES LIMITED,GREENPANEL,145,346.86,Stocks & ETFs,Neptune-Zerodha
149,GRINDWELL NORTON LTD,GRINDWELL,1,2343.49,Stocks & ETFs,Neptune-Zerodha
151,GUJARAT AMBUJA EXPORTS LIMITED,GAEL,143,123.43,Stocks & ETFs,Neptune-Zerodha
485,GUJARAT NARMADA FER & CHEM LTD,GNFC,89,554.12,Stocks & ETFs,Neptune-Zerodha
155,GUJARAT STATE FERTILIZERS & CH,GSFC,251,199.29,Stocks & ETFs,Neptune-Zerodha
156,GUJARAT STATE PETRONET LIMITED,GSPL,853,351.8619109,Stocks & ETFs,Neptune-Zerodha
157,HBL ENGINEERING LIMITED,HBLENGINE,87,575.9,Stocks & ETFs,Neptune-Zerodha
158,HEG LIMITED,HEG,102,494.1411765,Stocks & ETFs,Neptune-Zerodha
159,HFCL LIMITED,HFCL,730,69,Stocks & ETFs,Neptune-Zerodha
161,HIKAL LIMITED,HIKAL,160,312.14,Stocks & ETFs,Neptune-Zerodha
164,HITACHI ENERGY INDIA LIMITED,POWERINDIA,4,13833,Stocks & ETFs,Neptune-Zerodha
165,HOME FIRST FINANCE COMPANY IND,HOMEFIRST,42,1200.39,Stocks & ETFs,Neptune-Zerodha
166,HONASA CONSUMER LTD,HONASA,157,319.08,Stocks & ETFs,Neptune-Zerodha
7,ICICI Prud BSE Liq Rate ETF,LIQUIDIETF,2300,1000,ETFs (Debt),Neptune-Zerodha
496,ICICI Prudential Liquid Fund - Growth,,27457.154,357.4239213,Mutual Funds (Debt),Neptune-Zerodha
170,IDBI BANK LIMITED,IDBI,571,87.53,Stocks & ETFs,Neptune-Zerodha
171,IFB INDUSTRIES LIMITED,IFBIND,54,921.45,Stocks & ETFs,Neptune-Zerodha
172,IFCI LIMITED,IFCI,678,64.95,Stocks & ETFs,Neptune-Zerodha
177,INDIA CEMENTS LTD,INDIACEM,145,344.25,Stocks & ETFs,Neptune-Zerodha
506,INDIAMART INTERMESH LIMITED,INDIAMART,21,2409.92,Stocks & ETFs,Neptune-Zerodha
181,INDIAN RENEW. ENG.DEV. AGY LTD,IREDA,234,225.8722222,Stocks & ETFs,Neptune-Zerodha
182,INDIGO PAINTS LIMITED,INDIGOPNTS,32,1541.54,Stocks & ETFs,Neptune-Zerodha
183,INFIBEAM AVENUES LIMITED,INFIBEAM,2475,20.14,Stocks & ETFs,Neptune-Zerodha
184,INGERSOLL-RAND (INDIA) LTD,INGERRAND,17,3007.73,Stocks & ETFs,Neptune-Zerodha
747,INOX INDIA LIMITED,INOXINDIA,42,1182.69,Stocks & ETFs,Neptune-Zerodha
186,INTELLECT DESIGN ARENA LIMITED,INTELLECT,55,913.75,Stocks & ETFs,Neptune-Zerodha
194,JAIPRAKASH POWER VENTURES LIMI,JPPOWER,2769,18.05,Stocks & ETFs,Neptune-Zerodha
195,JAMMU AND KASHMIR BANK LTD,J&KBANK,488,102.53,Stocks & ETFs,Neptune-Zerodha
196,JAMNA AUTO INDUSTRIES LIMITED,JAMNAAUTO,449,111.6,Stocks & ETFs,Neptune-Zerodha
197,JINDAL SAW LIMITED,JINDALSAW,102,305.08,Stocks & ETFs,Neptune-Zerodha
513,JK CEMENT LIMITED,JKCEMENT,10,4965,Stocks & ETFs,Neptune-Zerodha
189,JK LAKSHMI CEMENT LIMITED,JKLAKSHMI,59,848.99,Stocks & ETFs,Neptune-Zerodha
191,JM FINANCIAL LIMITED,JMFINANCIL,509,95.33,Stocks & ETFs,Neptune-Zerodha
192,JSW ENERGY LIMITED,JSWENERGY,129,404,Stocks & ETFs,Neptune-Zerodha
193,JSW INFRASTRUCTURE LIMITED,JSWINFRA,160,313.25,Stocks & ETFs,Neptune-Zerodha
201,JUBILANT INGREVIA LIMITED,JUBLINGREA,65,773,Stocks & ETFs,Neptune-Zerodha
202,JUBILANT PHARMOVA LIMITED,JUBLPHARMA,50,979.95,Stocks & ETFs,Neptune-Zerodha
203,JUPITER WAGONS LIMITED,JWL,96,522.38,Stocks & ETFs,Neptune-Zerodha
214,KAJARIA CERAMICS LTD,KAJARIACER,45,1108,Stocks & ETFs,Neptune-Zerodha
215,KALPATARU PROJECTS INTL. LTD,KPIL,81,1227.541605,Stocks & ETFs,Neptune-Zerodha
216,KALYAN JEWELLERS INDIA LIMITED,KALYANKJIL,167,300.5,Stocks & ETFs,Neptune-Zerodha
218,KARUR VYSYA BANK LTD,KARURVYSYA,232,212.32,Stocks & ETFs,Neptune-Zerodha
219,KAYNES TECHNOLOGY IND LIMITED,KAYNES,8,5928.75,Stocks & ETFs,Neptune-Zerodha
206,KEC INTERNATIONAL LTD (FORMER,KEC,82,919.2347561,Stocks & ETFs,Neptune-Zerodha
220,KENNAMETAL INDIA LIMTIED,KENNAMET,20,2542.32,Stocks & ETFs,Neptune-Zerodha
221,KEYSTONE REALTORS LIMITED,RUSTOMJEE,88,570.93,Stocks & ETFs,Neptune-Zerodha
208,KFIN TECHNOLOGIES LIMITED,KFINTECH,41,1220.7,Stocks & ETFs,Neptune-Zerodha
223,KIRLOSKAR OIL ENGINES LIMITED,KIRLOSENG,41,1189.25,Stocks & ETFs,Neptune-Zerodha
211,KPR MILL LTD,KPRMILL,53,937.4,Stocks & ETFs,Neptune-Zerodha
212,KRBL LIMITED,KRBL,3000,274.4,Stocks & ETFs,Neptune-Zerodha
224,KRISHNA INSTITUTE OF MED SCI,KIMS,77,646.05,Stocks & ETFs,Neptune-Zerodha
213,KSB LIMITED,KSB,64,856.2575,Stocks & ETFs,Neptune-Zerodha
225,L&T FINANCE LIMITED,LTF,298,169,Stocks & ETFs,Neptune-Zerodha
228,LAXMI ORGANIC INDUSTRIES LTD,LXCHEM,183,277.97,Stocks & ETFs,Neptune-Zerodha
229,LEMON TREE HOTELS LIMITED,LEMONTREE,367,136.39,Stocks & ETFs,Neptune-Zerodha
232,LLOYDS METALS AND ENERGY LIMIT,LLOYDSME,72,701.43,Stocks & ETFs,Neptune-Zerodha
226,LMW LIMITED,LMW,4,13898.15,Stocks & ETFs,Neptune-Zerodha
754,LT FOODS LIMITED,LTFOODS,120,417.66,Stocks & ETFs,Neptune-Zerodha
240,MAHINDRA LOGISTICS LIMITED,MAHLOG,126,401.84,Stocks & ETFs,Neptune-Zerodha
243,MASTEK LIMITED,MASTEK,17,2995,Stocks & ETFs,Neptune-Zerodha
244,MAX HEALTHCARE INSTITUTE LTD,MAXHEALTH,86,566.17,Stocks & ETFs,Neptune-Zerodha
250,MOTILAL OSWAL FINANCIAL SERVIC,MOTILALOFS,64,788.78,Stocks & ETFs,Neptune-Zerodha
251,NBCC (INDIA) LIMITED,NBCC,365,0,Stocks & ETFs,Neptune-Zerodha
262,NESTLE INDIA LIMITED,NESTLEIND,19,2662.85,Stocks & ETFs,Neptune-Zerodha
267,NIPPON LIFE IND ASSET MANAGEME,NAM-INDIA,72,691.45,Stocks & ETFs,Neptune-Zerodha
255,NMDC LIMITED,NMDC,690,73.3,Stocks & ETFs,Neptune-Zerodha
256,NMDC STEEL LIMITED,NSLNISP,1245,39.89,Stocks & ETFs,Neptune-Zerodha
257,NOCIL LIMITED,NOCIL,213,234.28,Stocks & ETFs,Neptune-Zerodha
269,NUVOCO VISTAS CORPORATION LTD,NUVOCO,142,352.2,Stocks & ETFs,Neptune-Zerodha
612,ODIGMA CONSULTANCY SOLN LTD,ODIGMA,27,1.26,Stocks & ETFs,Neptune-Zerodha
270,OIL AND NATURAL GAS CORPORATIO,ONGC,181,276,Stocks & ETFs,Neptune-Zerodha
271,OIL INDIA LIMITED,OIL,77,0,Stocks & ETFs,Neptune-Zerodha
273,ONE 97 COMMUNICATIONS PAYTM,PAYTM,86,583,Stocks & ETFs,Neptune-Zerodha
280,PATANJALI FOODS LIMITED,PATANJALI,34,1466.84,Stocks & ETFs,Neptune-Zerodha
275,PB FINTECH LTD POLICYBZR,POLICYBZR,69,713.45,Stocks & ETFs,Neptune-Zerodha
281,PERSISTENT SYSTEMS LIMITED,PERSISTENT,13,4021.4,Stocks & ETFs,Neptune-Zerodha
282,PFIZER LTD,PFIZER,9,5527.07,Stocks & ETFs,Neptune-Zerodha
697,PG ELECTROPLAST LIMITED,PGEL,66,761.7,Stocks & ETFs,Neptune-Zerodha
362,PHOENIX MILLS LTD,PHOENIXLTD,27,1757.89,Stocks & ETFs,Neptune-Zerodha
278,PNC INFRATECH,PNCINFRA,163,306.32,Stocks & ETFs,Neptune-Zerodha
287,PRESTIGE ESTATES PROJECTS LIMI,PRESTIGE,30,1664.07,Stocks & ETFs,Neptune-Zerodha
289,PRISM JOHNSON LIMITED,PRSMJOHNSN,274,182.7,Stocks & ETFs,Neptune-Zerodha
292,R R KABEL LTD,RRKABEL,35,1417.71,Stocks & ETFs,Neptune-Zerodha
293,RADICO KHAITAN LTD,RADICO,23,2169.25,Stocks & ETFs,Neptune-Zerodha
297,RAINBOW CHILDRENS MEDICARE LTD,RAINBOW,35,1450.1,Stocks & ETFs,Neptune-Zerodha
298,RALLIS INDIA LTD,RALLIS,227,220.65,Stocks & ETFs,Neptune-Zerodha
302,RATTANINDIA ENTERPRISES LTD,RTNINDIA,614,59.8,Stocks & ETFs,Neptune-Zerodha
752,RELIANCE POWER LTD.,RPOWER,985,50.78,Stocks & ETFs,Neptune-Zerodha
307,RESTAURANT BRANDS ASIA LIMITED,RBA,442,113.24,Stocks & ETFs,Neptune-Zerodha
315,SAFARI INDUSTRIES INDIA LTD,SAFARI,24,2094.03,Stocks & ETFs,Neptune-Zerodha
317,SAMVARDHANA MOTHERSON INT LTD,MOTHERSON,369,136.3866667,Stocks & ETFs,Neptune-Zerodha
616,SANOFI CONSUMER HEALTHCARE IND,SANOFICONR,6,896.49,Stocks & ETFs,Neptune-Zerodha
312,SBFC FINANCE LIMITED,SBFC,562,89.11,Stocks & ETFs,Neptune-Zerodha
321,SCHAEFFLER INDIA LIMITED,SCHAEFFLER,13,3744.93,Stocks & ETFs,Neptune-Zerodha
322,SHIPPING CORP OF INDIA LT,SCI,190,263.75,Stocks & ETFs,Neptune-Zerodha
323,SHOPPERS STOP LIMITED,SHOPERSTOP,68,745.48,Stocks & ETFs,Neptune-Zerodha
314,SKF INDIA LIMITED,SKFINDIA,11,4542.73,Stocks & ETFs,Neptune-Zerodha
327,SOBHA LIMITED,SOBHA,30,1669.6,Stocks & ETFs,Neptune-Zerodha
330,SONA BLW PRECISION FORGINGS,SONACOMS,73,682.65,Stocks & ETFs,Neptune-Zerodha
331,SONATA SOFTWARE LIMITED,SONATSOFTW,70,670,Stocks & ETFs,Neptune-Zerodha
332,STAR HEALTH ALLIED INS CO LTD,STARHEALTH,86,476.8,Stocks & ETFs,Neptune-Zerodha
333,STATE BANK OF INDIA,SBIN,65,768.1,Stocks & ETFs,Neptune-Zerodha
340,SUNTECK REALTY LIMITED,SUNTECK,109,469.2,Stocks & ETFs,Neptune-Zerodha
341,SUPRAJIT ENGINEERING LIMITED,SUPRAJIT,114,397.42,Stocks & ETFs,Neptune-Zerodha
347,SYRMA SGS TECHNOLOGY LIMITE,SYRMA,94,533,Stocks & ETFs,Neptune-Zerodha
353,TAMILNAD MERCANTILE BANK LTD,TMB,104,480.4,Stocks & ETFs,Neptune-Zerodha
354,TANLA PLATFORMS LIMITED,TANLA,76,660.75,Stocks & ETFs,Neptune-Zerodha
357,TATA MOTORS LIMITED,TATAMOTORS,77,649.66,Stocks & ETFs,Neptune-Zerodha
358,TATA TECHNOLOGIES LIMITED,TATATECH,44,1052.15,Stocks & ETFs,Neptune-Zerodha
359,TATA TELESERVICES MAHARASHTRA,TTML,691,72.32,Stocks & ETFs,Neptune-Zerodha
360,TEAMLEASE SERVICES LIMITED,TEAMLEASE,19,2625.06,Stocks & ETFs,Neptune-Zerodha
364,TIMKEN INDIA LIMITED,TIMKEN,16,3200.99,Stocks & ETFs,Neptune-Zerodha
748,TRANS & RECTI. LTD,TARIL,97,515.89,Stocks & ETFs,Neptune-Zerodha
368,TRANSPORT CORPORATION OF INDIA,TCI,62,800.23,Stocks & ETFs,Neptune-Zerodha
369,TRIDENT LTD,TRIDENT,1531,32.67,Stocks & ETFs,Neptune-Zerodha
370,TRIVENI ENGINEERING & INDUSTRI,TRIVENI,119,433.1620168,Stocks & ETFs,Neptune-Zerodha
376,UFLEX LIMITED,UFLEX,113,445.48,Stocks & ETFs,Neptune-Zerodha
377,UJJIVAN SMALL FINANCE BANK LTD,UJJIVANSFB,1203,41.54,Stocks & ETFs,Neptune-Zerodha
379,UNITED SPIRITS LIMITED,UNITDSPR,38,1320.85,Stocks & ETFs,Neptune-Zerodha
374,UNO Minda Limited,UNOMINDA,49,1020,Stocks & ETFs,Neptune-Zerodha
380,USHA MARTIN LIMITED,USHAMART,135,369.58,Stocks & ETFs,Neptune-Zerodha
381,V-GUARD INDUSTRIES LIMITED,VGUARD,127,395.57,Stocks & ETFs,Neptune-Zerodha
389,VEDANTA LIMITED,VEDL,167,310.3,Stocks & ETFs,Neptune-Zerodha
383,VIP INDUSTRIES LTD,VIPIND,88,516.1,Stocks & ETFs,Neptune-Zerodha
746,Valor Estate,DBREALTY,260,156.86,Stocks & ETFs,Neptune-Zerodha
393,WELSPUN LIVING LIMITED,WELSPUNLIV,3,144.98,Stocks & ETFs,Neptune-Zerodha
749,WOCKHARDT LIMITED,WOCKPHARMA,37,1336.68,Stocks & ETFs,Neptune-Zerodha
398,ZENSAR TECHNOLOGIES LIMITED,ZENSARTECH,63,794.12,Stocks & ETFs,Neptune-Zerodha
397,ZF COMMERCIAL VEHICLE CONTROL,ZFCVINDIA,4,13277,Stocks & ETFs,Neptune-Zerodha
1,AARTI INDUSTRIES LTD,AARTIIND,800,368.5125,Stocks & ETFs,RSS-ICICI
1113,BHARTI AIRTEL EQ PP RS 1.25,AIRTELPP,10,1353,Stocks & ETFs,RSS-ICICI
628,CIAN AGRO INDUSTRIES INFRA LTD,CIANAGRO,500,395.49,Stocks & ETFs,RSS-ICICI
629,CP CAPITAL LIMITED,CPCAP,581,340.28,Stocks & ETFs,RSS-ICICI
757,Career Point Edutech Ltd,CPEDU,581,3.96,Unlisted Stock,RSS-ICICI
630,DEEPAK BUILDERS AND ENG LTD,DBEIL,1190,190.8483193,Stocks & ETFs,RSS-ICICI
107,DEEPAK FERTILIZERS &PETROCHEMI,DEEPAKFERT,155,1280.1,Stocks & ETFs,RSS-ICICI
631,GOCL CORPORATION LIMITED,GOCLCORP,500,389,Stocks & ETFs,RSS-ICICI
147,GREAT EASTERN SHIPPING CO LTD,GESHIP,2236,964.4425939,Stocks & ETFs,RSS-ICICI
156,GUJARAT STATE PETRONET LIMITED,GSPL,1500,296.7166667,Stocks & ETFs,RSS-ICICI
418,HINDUSTAN PETROLEUM CORP,HINDPETRO,3025,398.596281,Stocks & ETFs,RSS-ICICI
185,INOX WIND LIMITED,INOXWIND,1190,167.8,Stocks & ETFs,RSS-ICICI
503,ITC HOTELS LIMITED,ITCHOTELS,510,159.95,Stocks & ETFs,RSS-ICICI
504,ITC LIMITED,ITC,230,439.1,Stocks & ETFs,RSS-ICICI
632,KARNATAKA BANK LTD,KTKBANK,14515,199.1375026,Stocks & ETFs,RSS-ICICI
633,KOTYARK INDUSTRIES LIMITED,KOTYARK,400,450.29,Stocks & ETFs,RSS-ICICI
212,KRBL LIMITED,KRBL,10858,290.5003242,Stocks & ETFs,RSS-ICICI
429,POWER FINANCE CORPORATION LTD,PFC,600,403,Stocks & ETFs,RSS-ICICI
634,RASHI PERIPHERALS LIMITED,RPTECH,540,369.85,Stocks & ETFs,RSS-ICICI
635,REPCO HOME FINANCE LIMITED,REPCOHOME,505,398.89,Stocks & ETFs,RSS-ICICI
316,SAMMAAN CAPITAL LIMITED,SAMMAANCAP,1355,147.45,Stocks & ETFs,RSS-ICICI
435,SANGHVI MOVERS LIMITED,SANGHVIMOV,4000,296.525,Stocks & ETFs,RSS-ICICI
636,STEEL STRIPS WHEELS LTD,SSWL,3500,195.9242857,Stocks & ETFs,RSS-ICICI
12,STYRENIX PERFOM. MATERIALS LTD,STYRENIX,100,2604.87,Stocks & ETFs,RSS-ICICI
670,SUDARSHAN CHEMICAL INDUS LTD,SUDARSCHEM,200,997.95,Stocks & ETFs,RSS-ICICI
1117,VINTAGE COFFEE AND BEVERAGES,VINCOFE,2242,89.28,Stocks & ETFs,RSS-ICICI
393,WELSPUN LIVING LIMITED,WELSPUNLIV,2000,145.59,Stocks & ETFs,RSS-ICICI
7,ICICI Prud BSE Liq Rate ETF,LIQUIDIETF,2149,1000,ETFs (Debt),RSS-Incred
10,NESCO LIMITED,NESCO,730,678.9076,Stocks & ETFs,RSS-Incred
1039,,ANET,159,2033.304009,Foreign Stocks and ETFS,RSS-Interactive Brokers
1044,,QQQ,46,32542.88365,Foreign Stocks and ETFS,RSS-Interactive Brokers
1045,,MSFT,77,21638.65475,Foreign Stocks and ETFS,RSS-Interactive Brokers
1046,,GOOG,110,3840.708582,Foreign Stocks and ETFS,RSS-Interactive Brokers
1047,,WCLD,80,3781.25205,Foreign Stocks and ETFS,RSS-Interactive Brokers
1049,,QS,1060,491.3104415,Foreign Stocks and ETFS,RSS-Interactive Brokers
1055,,KWEB,745,2165.762961,Foreign Stocks and ETFS,RSS-Interactive Brokers
1057,,TSLA,85,1875.702353,Foreign Stocks and ETFS,RSS-Interactive Brokers
1058,,GS,55,24055.13695,Foreign Stocks and ETFS,RSS-Interactive Brokers
1059,,TXN,30,13111.2966,Foreign Stocks and ETFS,RSS-Interactive Brokers
1060,,ICLN,231,1550.646416,Foreign Stocks and ETFS,RSS-Interactive Brokers
1061,,YYY,6300,94.17474444,Foreign Stocks and ETFS,RSS-Interactive Brokers
1062,,SNOW,44,14562.13865,Foreign Stocks and ETFS,RSS-Interactive Brokers
1063,,CRWD,22,16948.89486,Foreign Stocks and ETFS,RSS-Interactive Brokers
1064,,BEPC,645.5,2384.407922,Foreign Stocks and ETFS,RSS-Interactive Brokers
1065,,AVGO,20,7190.175,Foreign Stocks and ETFS,RSS-Interactive Brokers
1066,,LMND,97,4070.945928,Foreign Stocks and ETFS,RSS-Interactive Brokers
1067,,WQDV,2030,432.6845764,Foreign Stocks and ETFS,RSS-Interactive Brokers
1068,,FLKR,450,1541.531009,Foreign Stocks and ETFS,RSS-Interactive Brokers
1069,,ASEA,444,979.6717883,Foreign Stocks and ETFS,RSS-Interactive Brokers
1070,,NVDA,160,189.0018875,Foreign Stocks and ETFS,RSS-Interactive Brokers
1071,,VNM,200,1121.11005,Foreign Stocks and ETFS,RSS-Interactive Brokers
1072,,WIX,21,14898.86562,Foreign Stocks and ETFS,RSS-Interactive Brokers
1073,,BA,20,15813.392,Foreign Stocks and ETFS,RSS-Interactive Brokers
1075,,726GS2032-GS,1,101,Foreign Stocks and ETFS,RSS-Interactive Brokers
1078,,BAM,200,2447.665,Foreign Stocks and ETFS,RSS-Interactive Brokers
1079,,BNRE,100,2652.91,Foreign Stocks and ETFS,RSS-Interactive Brokers
1080,,TEAM,10,17711.09,Foreign Stocks and ETFS,RSS-Interactive Brokers
1081,,SHOP,40,8347.81625,Foreign Stocks and ETFS,RSS-Interactive Brokers
1082,,DOCN,35,6073.805714,Foreign Stocks and ETFS,RSS-Interactive Brokers
1083,,SPOT,10,16946.53,Foreign Stocks and ETFS,RSS-Interactive Brokers
1084,,TTD,43,5256.093256,Foreign Stocks and ETFS,RSS-Interactive Brokers
1085,,NET,28,10827.48107,Foreign Stocks and ETFS,RSS-Interactive Brokers
1087,,ABNB,14,13137.12857,Foreign Stocks and ETFS,RSS-Interactive Brokers
1088,,ZS,19,16876.37949,Foreign Stocks and ETFS,RSS-Interactive Brokers
1089,,ADYEY,50,2358.51,Foreign Stocks and ETFS,RSS-Interactive Brokers
1090,,Z,28,9012.134286,Foreign Stocks and ETFS,RSS-Interactive Brokers
1091,,JPM,30,8104.653333,Foreign Stocks and ETFS,RSS-Interactive Brokers
1092,,NOW,5,38269.364,Foreign Stocks and ETFS,RSS-Interactive Brokers
1093,,LOWV,170,4354.91,Foreign Stocks and ETFS,RSS-Interactive Brokers
1094,,VAC,20,12010.5105,Foreign Stocks and ETFS,RSS-Interactive Brokers
1095,,IVAL,220,1931.688364,Foreign Stocks and ETFS,RSS-Interactive Brokers
1096,,APPN,29,8551.366207,Foreign Stocks and ETFS,RSS-Interactive Brokers
1097,,PJT,28,5361.473921,Foreign Stocks and ETFS,RSS-Interactive Brokers
1098,,KNSL,15,13368.42799,Foreign Stocks and ETFS,RSS-Interactive Brokers
1099,,YOLO,175,1347.9816,Foreign Stocks and ETFS,RSS-Interactive Brokers
1100,,ARKG,80,4668.181631,Foreign Stocks and ETFS,RSS-Interactive Brokers
1101,,IZRL,100,2007.1371,Foreign Stocks and ETFS,RSS-Interactive Brokers
1102,,EWZS,160,993.9645,Foreign Stocks and ETFS,RSS-Interactive Brokers
1103,,IMTM,120,2343.6445,Foreign Stocks and ETFS,RSS-Interactive Brokers
1104,,EWS,240,1407.805633,Foreign Stocks and ETFS,RSS-Interactive Brokers
1105,,GMF,18,8135.657222,Foreign Stocks and ETFS,RSS-Interactive Brokers
1107,,ARKW,8,7112.9,Foreign Stocks and ETFS,RSS-Interactive Brokers
1108,,FTEC,84,4313.135975,Foreign Stocks and ETFS,RSS-Interactive Brokers
1111,,META,5,57470.82425,Foreign Stocks and ETFS,RSS-Interactive Brokers
1116,,COIN,20,34609.4025,Foreign Stocks and ETFS,RSS-Interactive Brokers
576,BALKRISHNA INDUSTRIES LTD,BALKRISIND,3225,395.4794171,Stocks & ETFs,RSS-JB
1113,BHARTI AIRTEL EQ PP RS 1.25,AIRTELPP,5742,1286.297426,Stocks & ETFs,RSS-JB
3,COAL INDIA LIMITED,COALINDIA,22000,260.2454545,Stocks & ETFs,RSS-JB
505,INDIGRID INFRASTRUCTURE TRUST,INDIGRID,154500,110.5286797,Business Trusts,RSS-JB
10,NESCO LIMITED,NESCO,11046,630.9954735,Stocks & ETFs,RSS-JB
613,P I INDUSTRIES LTD,PIIND,1951,431.1514454,Stocks & ETFs,RSS-JB
668,2.50% SOV. GOLD BOND 12 MAY 25,SGBMAY25,60,2901,Traded Bonds,RSS-Zerodha
744,7.04% Indian Rail Fin. Mar 28,704IRFC28,36,912.69,Traded Bonds,RSS-Zerodha
730,7.34% Indian Rail Fin. Feb 28,734IRFC28,200,912.68,Traded Bonds,RSS-Zerodha
729,8.1% Indian Rail Fin. Feb 27,810IRFC27,400,969.87,Traded Bonds,RSS-Zerodha
662,8.3% Power Fin. Corp. Feb 27,830PFCL27,100,981.85,Traded Bonds,RSS-Zerodha
561,8.75% National Highway Feb 29,875NHAI29,150,987.4,Traded Bonds,RSS-Zerodha
663,8.79% Power Fin. Corp. Nov 28,879PFCL28,100,1000,Traded Bonds,RSS-Zerodha
1,AARTI INDUSTRIES LTD,AARTIIND,580,190.4224138,Stocks & ETFs,RSS-Zerodha
534,AG VENTURES LIMITED,AGVENTURES,1611,71.73168839,Stocks & ETFs,RSS-Zerodha
709,AGARWAL INDUSTRIAL CORPORATION,AGARIND,200,984.65,Stocks & ETFs,RSS-Zerodha
35,ALIVUS LIFE SCIENCES LIMITED,ALIVUS,2500,655.05,Stocks & ETFs,RSS-Zerodha
639,ANUH PHARMA LTD,ANUHPHR,15800,78.01613924,Stocks & ETFs,RSS-Zerodha
641,BAJAJ ELECTRICALS LIMITED,BAJAJELEC,2728,157.2533944,Stocks & ETFs,RSS-Zerodha
576,BALKRISHNA INDUSTRIES LTD,BALKRISIND,150,2248.716667,Stocks & ETFs,RSS-Zerodha
104,DCM SHRIRAM LIMITED,DCMSHRIRAM,3640,257.0353022,Stocks & ETFs,RSS-Zerodha
678,Edelweiss Greater China Equity Off-shore Fund - Direct Plan - Growth Option,,58731.378,34.05177517,Mutual Funds,RSS-Zerodha
149,GRINDWELL NORTON LTD,GRINDWELL,1771,41.30530774,Stocks & ETFs,RSS-Zerodha
1110,HDB FINANCIAL SERVICES LIMITED,HDBFS,60,740,Stocks & ETFs,RSS-Zerodha
487,HDFC BANK LIMITED,HDFCBANK,303,1648.55,Stocks & ETFs,RSS-Zerodha
418,HINDUSTAN PETROLEUM CORP,HINDPETRO,9550,223.5520419,Stocks & ETFs,RSS-Zerodha
6,ICICI LOMBARD GEN INSURANCE CO,ICICIGI,795,1255.327057,Stocks & ETFs,RSS-Zerodha
7,ICICI Prud BSE Liq Rate ETF,LIQUIDIETF,5132,1000,ETFs (Debt),RSS-Zerodha
496,ICICI Prudential Liquid Fund - Growth,,17254.689,370.8944255,Mutual Funds (Debt),RSS-Zerodha
598,INDIAN ENERGY EXCHANGE LIMITED,IEX,8674,93.20675582,Stocks & ETFs,RSS-Zerodha
652,INFOLLION RESEARCH SERVICE LTD,INFOLLION,14400,178.8027778,Stocks & ETFs,RSS-Zerodha
504,ITC LIMITED,ITC,13655,354.2252398,Stocks & ETFs,RSS-Zerodha
558,KAMA HOLDINGS LIMITED,KAMAHOLD,436,2782.486927,Stocks & ETFs,RSS-Zerodha
212,KRBL LIMITED,KRBL,1390,272.6665468,Stocks & ETFs,RSS-Zerodha
714,MUTHOOT MICROFIN LIMITED,MUTHOOTMF,1000,125.44,Stocks & ETFs,RSS-Zerodha
10,NESCO LIMITED,NESCO,3040,853.1814474,Stocks & ETFs,RSS-Zerodha
442,NIPPON INDIA ETF NIF1D LQD BEE,LIQUIDBEES,2.41,1000,ETFs (Debt),RSS-Zerodha
742,OCCL LIMITED,OCCLLTD,8055,20.81087523,Stocks & ETFs,RSS-Zerodha
11,PIRAMAL ENTERPRISES LIMITED,PEL,2823,817.1658059,Stocks & ETFs,RSS-Zerodha
722,Parag Parikh Conservative Hybrid Fund - Direct Plan - Growth,,226385.868,11.04253993,Mutual Funds,RSS-Zerodha
542,RELIANCE INDUSTRIES,RELIANCE,1894,86.60042239,Stocks & ETFs,RSS-Zerodha
307,RESTAURANT BRANDS ASIA LIMITED,RBA,10,81.7,Stocks & ETFs,RSS-Zerodha
664,RUSHIL DECOR LIMITED,RUSHIL,5000,28.856,Stocks & ETFs,RSS-Zerodha
665,SARDA ENERGY & MINERALS LTD,SARDAEN,17230,113.1461387,Stocks & ETFs,RSS-Zerodha
313,SATLUJ JAL VIDYUT NIGAM LTD,SJVN,34000,25.23,Stocks & ETFs,RSS-Zerodha
12,STYRENIX PERFOM. MATERIALS LTD,STYRENIX,4332,1027.860439,Stocks & ETFs,RSS-Zerodha
670,SUDARSHAN CHEMICAL INDUS LTD,SUDARSCHEM,1500,1057.483333,Stocks & ETFs,RSS-Zerodha
13,SUN PHARMACEUTICAL INDUSTRIES,SUNPHARMA,835,1019.396766,Stocks & ETFs,RSS-Zerodha
14,TATA POWER CO LTD,TATAPOWER,100,218.1,Stocks & ETFs,RSS-Zerodha
379,UNITED SPIRITS LIMITED,UNITDSPR,2855,1084.335377,Stocks & ETFs,RSS-Zerodha
673,UPL LIMITED PP,UPLPP1-E1,1555,455.3122186,Stocks & ETFs,RSS-Zerodha
393,WELSPUN LIVING LIMITED,WELSPUNLIV,1000,164.37,Stocks & ETFs,RSS-Zerodha
15,WONDERLA HOLIDAYS LTD,WONDERLA,4891,464.3579841,Stocks & ETFs,RSS-Zerodha
498,ICICI Prudential Overnight Fund Growth,,0.809,1236.0939,Mutual Funds (Debt),SMS-Angel
348,TATA MOTORS LTD - DVR,TATAMTRDVR,0.2857,546.7273,Stocks & ETFs,SMS-Angel
3,COAL INDIA LIMITED,COALINDIA,3500,380.95,Stocks & ETFs,SMS-ICICI
147,GREAT EASTERN SHIPPING CO LTD,GESHIP,4592,934.4427483,Stocks & ETFs,SMS-ICICI
156,GUJARAT STATE PETRONET LIMITED,GSPL,5700,277.7184211,Stocks & ETFs,SMS-ICICI
418,HINDUSTAN PETROLEUM CORP,HINDPETRO,500,382.3,Stocks & ETFs,SMS-ICICI
503,ITC HOTELS LIMITED,ITCHOTELS,3143,162.9893446,Stocks & ETFs,SMS-ICICI
519,KOTAK NIFTY ALPHA 50 ETF,ALPHA,15000,50,ETFs(Equity),SMS-ICICI
530,MOTILAL OS NIF 200 MOMENTUM 30,MOMOMENTUM,3000,61.95,ETFs(Equity),SMS-ICICI
429,POWER FINANCE CORPORATION LTD,PFC,500,403,Stocks & ETFs,SMS-ICICI
435,SANGHVI MOVERS LIMITED,SANGHVIMOV,1000,295.75,Stocks & ETFs,SMS-ICICI
670,SUDARSHAN CHEMICAL INDUS LTD,SUDARSCHEM,1000,1008.1,Stocks & ETFs,SMS-ICICI
15,WONDERLA HOLIDAYS LTD,WONDERLA,1000,580,Stocks & ETFs,SMS-ICICI
745,West Coast Paper Mills Limited,WSTCSTPAPR,3800,455.1394737,Stocks & ETFs,SMS-ICICI
1113,BHARTI AIRTEL EQ PP RS 1.25,AIRTELPP,1858,1304.71789,Stocks & ETFs,SMS-JB
3,COAL INDIA LIMITED,COALINDIA,9920,291.8112903,Stocks & ETFs,SMS-JB
505,INDIGRID INFRASTRUCTURE TRUST,INDIGRID,233212,109.4350285,Business Trusts,SMS-JB
10,NESCO LIMITED,NESCO,4890,559.4024683,Stocks & ETFs,SMS-JB
730,7.34% Indian Rail Fin. Feb 28,734IRFC28,252,1092.34254,Traded Bonds,SMS-SAS
560,7.36% India Infra. Fin. Jan 28,736IIFCL28,100,1000,Traded Bonds,SMS-SAS
729,8.1% Indian Rail Fin. Feb 27,810IRFC27,100,1165.16,Traded Bonds,SMS-SAS
563,8.71% Rural Elec. Corp. Sep 28,871REC28,100,1135.23,Traded Bonds,SMS-SAS
561,8.75% National Highway Feb 29,875NHAI29,300,1215.83,Traded Bonds,SMS-SAS
731,8.88% Indian Rail Fin. Mar 29,888IRFC29,100,1292.33,Traded Bonds,SMS-SAS
104,DCM SHRIRAM LIMITED,DCMSHRIRAM,2291,168.0236272,Stocks & ETFs,SMS-SAS
475,DR REDDYS LABORATORIES LTD,DRREDDY,250,466.3608,Stocks & ETFs,SMS-SAS
418,HINDUSTAN PETROLEUM CORP,HINDPETRO,2658,1.03013544,Stocks & ETFs,SMS-SAS
736,2.50% SOV. GOLD BOND 28 JUL 25,SGBJUL25,26,2834.373846,Traded Bonds,SMS-Zerodha
1,AARTI INDUSTRIES LTD,AARTIIND,4841,152.9626482,Stocks & ETFs,SMS-Zerodha
534,AG VENTURES LIMITED,AGVENTURES,100,437.7,Stocks & ETFs,SMS-Zerodha
104,DCM SHRIRAM LIMITED,DCMSHRIRAM,240,904.6,Stocks & ETFs,SMS-Zerodha
107,DEEPAK FERTILIZERS &PETROCHEMI,DEEPAKFERT,700,772.53,Stocks & ETFs,SMS-Zerodha
1110,HDB FINANCIAL SERVICES LIMITED,HDBFS,61,740,Stocks & ETFs,SMS-Zerodha
487,HDFC BANK LIMITED,HDFCBANK,270,1590.910556,Stocks & ETFs,SMS-Zerodha
5,HEMISPHERE PROPERTIES IND LTD,HEMIPROP,1000,148.39,Stocks & ETFs,SMS-Zerodha
418,HINDUSTAN PETROLEUM CORP,HINDPETRO,11912,311.5725739,Stocks & ETFs,SMS-Zerodha
7,ICICI Prud BSE Liq Rate ETF,LIQUIDIETF,1600,999.995,ETFs (Debt),SMS-Zerodha
495,ICICI Prudential Gilt Fund - Growth,,19297.963,103.64,Mutual Funds (Debt),SMS-Zerodha
721,ICICI Prudential Money Market Fund Option - Direct Plan -  Growth,,19315.269,362.41,Mutual Funds (Debt),SMS-Zerodha
724,ICICI Prudential Nifty 50 Index Fund - Direct Plan - Growth,,1,2286.93,Mutual Funds,SMS-Zerodha
504,ITC LIMITED,ITC,5100,200.8393627,Stocks & ETFs,SMS-Zerodha
522,LARSEN AND TOUBRO LIMITED,LT,118,950.0394915,Stocks & ETFs,SMS-Zerodha
611,OBEROI REALTY LIMITED,OBEROIRLTY,1000,244.027,Stocks & ETFs,SMS-Zerodha
742,OCCL LIMITED,OCCLLTD,500,126.97,Stocks & ETFs,SMS-Zerodha
11,PIRAMAL ENTERPRISES LIMITED,PEL,1430,864.3359091,Stocks & ETFs,SMS-Zerodha
429,POWER FINANCE CORPORATION LTD,PFC,1275,23.00941176,Stocks & ETFs,SMS-Zerodha
725,Principal Personal Tax Saver Fund,,84.052,89.23,Mutual Funds,SMS-Zerodha
542,RELIANCE INDUSTRIES,RELIANCE,1004,675.975,Stocks & ETFs,SMS-Zerodha
307,RESTAURANT BRANDS ASIA LIMITED,RBA,5,81.61,Stocks & ETFs,SMS-Zerodha
664,RUSHIL DECOR LIMITED,RUSHIL,24370,34.86366844,Stocks & ETFs,SMS-Zerodha
12,STYRENIX PERFOM. MATERIALS LTD,STYRENIX,500,1072.188,Stocks & ETFs,SMS-Zerodha
670,SUDARSHAN CHEMICAL INDUS LTD,SUDARSCHEM,1200,979.7166667,Stocks & ETFs,SMS-Zerodha
337,SUN PHARMA ADVANCED RESEARCH C,SPARC,157,193.3834395,Stocks & ETFs,SMS-Zerodha
13,SUN PHARMACEUTICAL INDUSTRIES,SUNPHARMA,1691,523.6053223,Stocks & ETFs,SMS-Zerodha
379,UNITED SPIRITS LIMITED,UNITDSPR,1715,555.2548397,Stocks & ETFs,SMS-Zerodha
15,WONDERLA HOLIDAYS LTD,WONDERLA,400,522.15,Stocks & ETFs,SMS-Zerodha
639,ANUH PHARMA LTD,ANUHPHR,1000,91,Stocks & ETFs,Samrup-Zerodha
456,AXIS OVERNIGHT FUND - DIRECT PLAN - GROWTH,,10467.81,1117.66081,Mutual Funds (Debt),Samrup-Zerodha
726,Axis Small Cap Fund - Direct Plan - Growth,,15817.903,69.53797606,Mutual Funds,Samrup-Zerodha
1113,BHARTI AIRTEL EQ PP RS 1.25,AIRTELPP,950,1394.375,Stocks & ETFs,Samrup-Zerodha
691,CAPACITE INFRAPROJECTS LTD,CAPACITE,1000,386.5,Stocks & ETFs,Samrup-Zerodha
756,CHEMBOND CHEMICALS LIMITED,CCSL,4000,76.02,Stocks & ETFs,Samrup-Zerodha
712,CHEMBOND MATERIAL TECHNO LTD,CHEMBOND,2000,342.41,Stocks & ETFs,Samrup-Zerodha
3,COAL INDIA LIMITED,COALINDIA,1050,397.75,Stocks & ETFs,Samrup-Zerodha
107,DEEPAK FERTILIZERS &PETROCHEMI,DEEPAKFERT,3000,723.0166667,Stocks & ETFs,Samrup-Zerodha
147,GREAT EASTERN SHIPPING CO LTD,GESHIP,200,931.1,Stocks & ETFs,Samrup-Zerodha
156,GUJARAT STATE PETRONET LIMITED,GSPL,2000,270.8,Stocks & ETFs,Samrup-Zerodha
487,HDFC BANK LIMITED,HDFCBANK,2200,1488.65,Stocks & ETFs,Samrup-Zerodha
418,HINDUSTAN PETROLEUM CORP,HINDPETRO,7275,326.542268,Stocks & ETFs,Samrup-Zerodha
7,ICICI Prud BSE Liq Rate ETF,LIQUIDIETF,5000,1000,ETFs (Debt),Samrup-Zerodha
720,ICICI Prudential Constant Maturity Gilt Fund - Direct Plan - Growth,,96441.356,23.53593218,Mutual Funds (Debt),Samrup-Zerodha
721,ICICI Prudential Money Market Fund Option - Direct Plan -  Growth,,65339.968,362.3344776,Mutual Funds (Debt),Samrup-Zerodha
498,ICICI Prudential Overnight Fund Growth,,5.46E-12,111.2364,Mutual Funds (Debt),Samrup-Zerodha
596,IDFC FIRST BANK LIMITED,IDFCFIRSTB,1040.050065,77.72999851,Stocks & ETFs,Samrup-Zerodha
652,INFOLLION RESEARCH SERVICE LTD,INFOLLION,2000,444.6,Stocks & ETFs,Samrup-Zerodha
504,ITC LIMITED,ITC,2120,278.1649764,Stocks & ETFs,Samrup-Zerodha
632,KARNATAKA BANK LTD,KTKBANK,7235,180.9,Stocks & ETFs,Samrup-Zerodha
10,NESCO LIMITED,NESCO,1000,817.95,Stocks & ETFs,Samrup-Zerodha
442,NIPPON INDIA ETF NIF1D LQD BEE,LIQUIDBEES,1.039,1000,ETFs (Debt),Samrup-Zerodha
429,POWER FINANCE CORPORATION LTD,PFC,19875,264.0075472,Stocks & ETFs,Samrup-Zerodha
718,Parag Parikh Flexi Cap Fund - Direct Plan - Growth,,21166.963,51.96517626,Mutual Funds,Samrup-Zerodha
307,RESTAURANT BRANDS ASIA LIMITED,RBA,5,81.7,Stocks & ETFs,Samrup-Zerodha
636,STEEL STRIPS WHEELS LTD,SSWL,1000,196.9,Stocks & ETFs,Samrup-Zerodha
12,STYRENIX PERFOM. MATERIALS LTD,STYRENIX,600,1768.403333,Stocks & ETFs,Samrup-Zerodha
670,SUDARSHAN CHEMICAL INDUS LTD,SUDARSCHEM,2400,1056.258333,Stocks & ETFs,Samrup-Zerodha
13,SUN PHARMACEUTICAL INDUSTRIES,SUNPHARMA,275,852.0363636,Stocks & ETFs,Samrup-Zerodha
393,WELSPUN LIVING LIMITED,WELSPUNLIV,21000,143.2,Stocks & ETFs,Samrup-Zerodha
401,ECLERX SERVICES LIMITED,ECLERX,11,0,Stocks & ETFs,Star-Trading
554,TATA CONSULTANCY SERVICES LTD,TCS,99,3609.5,Stocks & ETFs,Star-Trading
387,VARUN BEVERAGES LIMITED,VBL,440,296.212,Stocks & ETFs,Star-Trading
2,Axis Liquid Fund - Direct Plan - Growth Option,,3990.952,2630.818908,Mutual Funds (Debt),Star-Zerodha
576,BALKRISHNA INDUSTRIES LTD,BALKRISIND,200,2295.3,Stocks & ETFs,Star-Zerodha
418,HINDUSTAN PETROLEUM CORP,HINDPETRO,6802,279.8539033,Stocks & ETFs,Star-Zerodha
7,ICICI Prud BSE Liq Rate ETF,LIQUIDIETF,3200,1000,ETFs (Debt),Star-Zerodha
504,ITC LIMITED,ITC,5150,178.3528155,Stocks & ETFs,Star-Zerodha
212,KRBL LIMITED,KRBL,7500,310.16,Stocks & ETFs,Star-Zerodha
10,NESCO LIMITED,NESCO,200,865,Stocks & ETFs,Star-Zerodha
442,NIPPON INDIA ETF NIF1D LQD BEE,LIQUIDBEES,2.249,1000,ETFs (Debt),Star-Zerodha
679,RELIGARE ENTERPRISES LTD,RELIGARE,4000,226.5,Stocks & ETFs,Star-Zerodha
307,RESTAURANT BRANDS ASIA LIMITED,RBA,3,81.62,Stocks & ETFs,Star-Zerodha
435,SANGHVI MOVERS LIMITED,SANGHVIMOV,2500,330.55,Stocks & ETFs,Star-Zerodha
665,SARDA ENERGY & MINERALS LTD,SARDAEN,1500,224.25,Stocks & ETFs,Star-Zerodha
12,STYRENIX PERFOM. MATERIALS LTD,STYRENIX,100,1310,Stocks & ETFs,Star-Zerodha
13,SUN PHARMACEUTICAL INDUSTRIES,SUNPHARMA,591,1170.848731,Stocks & ETFs,Star-Zerodha
554,TATA CONSULTANCY SERVICES LTD,TCS,99,3609.5,Stocks & ETFs,Star-Zerodha
379,UNITED SPIRITS LIMITED,UNITDSPR,1625,585.87,Stocks & ETFs,Star-Zerodha
439,UPL LIMITED,UPL,1500,497.05,Stocks & ETFs,Star-Zerodha
717,UTI- Liquid Cash Plan - Direct Plan - Growth Option,,1.14E-13,3641.6945,Mutual Funds (Debt),Star-Zerodha
